dimension,source,n,mean,median,std,min,max
novel_score,human,199,0.7306,0.7419,0.1354,0.3895,1.0609
novel_score,llm_t03,199,0.5946,0.5866,0.1323,0.2762,0.9412
novel_score,llm_t07,199,0.588,0.5929,0.1318,0.2737,0.886
novel_score,llm_t10,199,0.5882,0.5841,0.131,0.1825,0.97
specificity_score,human,199,0.3978,0.397,0.0461,0.2725,0.531
specificity_score,llm_t03,199,0.413,0.4123,0.0253,0.3156,0.4721
specificity_score,llm_t07,199,0.415,0.4159,0.0248,0.3279,0.4833
specificity_score,llm_t10,199,0.4196,0.4219,0.0266,0.3442,0.4808
empathy_score,human,199,0.0264,0.0,0.0409,0.0,0.1818
empathy_score,llm_t03,199,0.0193,0.0192,0.0226,0.0,0.1143
empathy_score,llm_t07,199,0.0156,0.0,0.0212,0.0,0.0909
empathy_score,llm_t10,199,0.0195,0.0182,0.0232,0.0,0.125
divergence_score,human,199,0.5337,0.5395,0.2041,0.0837,0.821
divergence_score,llm_t03,199,0.7385,0.7491,0.0743,0.3935,0.8205
divergence_score,llm_t07,199,0.733,0.7437,0.0737,0.5033,0.8197
divergence_score,llm_t10,199,0.7283,0.743,0.0799,0.4072,0.8198
phase_score,human,199,0.005,0.0,0.0156,0.0,0.1111
phase_score,llm_t03,199,0.0184,0.0222,0.017,0.0,0.0909
phase_score,llm_t07,199,0.0149,0.0,0.0188,0.0,0.1
phase_score,llm_t10,199,0.0153,0.0,0.0212,0.0,0.125
directive_score,human,199,0.2961,0.0212,0.4105,0.0064,0.9943
directive_score,llm_t03,199,0.2879,0.0362,0.378,0.0065,0.9918
directive_score,llm_t07,199,0.301,0.0356,0.3952,0.0063,0.9926
directive_score,llm_t10,199,0.2823,0.0247,0.3889,0.0063,0.9932
