dimension,comparison,test_type,n_per_group,stat,U,p_raw,p_bonf,significant
novelty,Human vs T=03,length_matched_MW,54,-0.2695,1851.0,0.015874590830997525,0.28574263495795543,False
directiveness,Human vs T=03,length_matched_MW,54,-0.3632,1987.5,0.0011514431872157503,0.020725977369883505,True
specificity,Human vs T=03,length_matched_MW,54,0.7298,394.0,6.366691606819695e-11,1.146004489227545e-09,True
empathy,Human vs T=03,length_matched_MW,54,-0.0484,1528.5,0.6524234568084089,1.0,False
divergence,Human vs T=03,length_matched_MW,54,0.5151,707.0,3.994914671649528e-06,7.19084640896915e-05,True
phase_appropriateness,Human vs T=03,length_matched_MW,54,0.4215,843.5,1.1421687408228158e-05,0.00020559037334810684,True
novelty,Human vs T=07,length_matched_MW,72,-0.3094,3394.0,0.0013625296833371726,0.024525534300069107,True
directiveness,Human vs T=07,length_matched_MW,72,-0.1775,3052.0,0.06635407509636783,1.0,False
specificity,Human vs T=07,length_matched_MW,72,0.7064,761.0,2.5932545189151227e-13,4.6678581340472205e-12,True
empathy,Human vs T=07,length_matched_MW,72,-0.1449,2967.5,0.09419807159473077,1.0,False
divergence,Human vs T=07,length_matched_MW,72,0.4988,1299.0,2.412637303669686e-07,4.342747146605435e-06,True
phase_appropriateness,Human vs T=07,length_matched_MW,72,0.2807,1864.5,0.00029684250025065857,0.005343165004511854,True
novelty,Human vs T=10,length_matched_MW,75,-0.3892,3907.0,3.9204622621386095e-05,0.0007056832071849497,True
directiveness,Human vs T=10,length_matched_MW,75,-0.278,3594.5,0.0033081650651455665,0.0595469711726202,False
specificity,Human vs T=10,length_matched_MW,75,0.6654,941.0,2.025039485985408e-12,3.645071074773735e-11,True
empathy,Human vs T=10,length_matched_MW,75,0.0334,2718.5,0.7007981328156004,1.0,False
divergence,Human vs T=10,length_matched_MW,75,0.504,1395.0,1.0028985936203158e-07,1.8052174685165685e-06,True
phase_appropriateness,Human vs T=10,length_matched_MW,75,0.3129,1932.5,4.528833226991085e-05,0.0008151899808583953,True
novelty,Human vs T=03,partial_spearman,199,-0.181,,0.0002835045261143414,0.005103081470058145,True
directiveness,Human vs T=03,partial_spearman,199,-0.1086,,0.030291553564937193,0.5452479641688694,False
specificity,Human vs T=03,partial_spearman,199,0.5306,,2.7396104855170426e-30,4.9312988739306764e-29,True
empathy,Human vs T=03,partial_spearman,199,-0.1134,,0.023661317209649518,0.4259037097736913,False
divergence,Human vs T=03,partial_spearman,199,0.4327,,1.3641330827667792e-19,2.4554395489802026e-18,True
phase_appropriateness,Human vs T=03,partial_spearman,199,0.3432,,1.919123189685992e-12,3.454421741434785e-11,True
novelty,Human vs T=07,partial_spearman,199,-0.2308,,3.2785183798600848e-06,5.901333083748153e-05,True
directiveness,Human vs T=07,partial_spearman,199,-0.1135,,0.023552647058997,0.42394764706194604,False
specificity,Human vs T=07,partial_spearman,199,0.5057,,3.171515723934033e-27,5.708728303081259e-26,True
empathy,Human vs T=07,partial_spearman,199,-0.199,,6.382096204315878e-05,0.0011487773167768581,True
divergence,Human vs T=07,partial_spearman,199,0.4116,,1.044274145632068e-17,1.8796934621377225e-16,True
phase_appropriateness,Human vs T=07,partial_spearman,199,0.1774,,0.00037678885664148824,0.006782199419546788,True
novelty,Human vs T=10,partial_spearman,199,-0.2559,,2.2789856216995538e-07,4.102174119059197e-06,True
directiveness,Human vs T=10,partial_spearman,199,-0.1453,,0.003670685589202574,0.06607234060564633,False
specificity,Human vs T=10,partial_spearman,199,0.5047,,4.119446757625493e-27,7.415004163725888e-26,True
empathy,Human vs T=10,partial_spearman,199,-0.1143,,0.02256468131594943,0.40616426368708974,False
divergence,Human vs T=10,partial_spearman,199,0.4112,,1.1355440782421789e-17,2.043979340835922e-16,True
phase_appropriateness,Human vs T=10,partial_spearman,199,0.158,,0.0015665569504141792,0.028198025107455227,True
