context_id,source,novelty_original,novelty_corrected
919,human,0.7752,0.3876
919,llm_t03,0.486,0.243
919,llm_t07,0.4149,0.20745
919,llm_t10,0.5296,0.2648
2577,human,0.6205,0.31025
2577,llm_t03,0.8663,0.43315
2577,llm_t07,0.747,0.3735
2577,llm_t10,0.8652,0.4326
1031,human,0.599,0.2995
1031,llm_t03,0.3451,0.17255
1031,llm_t07,0.279,0.1395
1031,llm_t10,0.4202,0.2101
977,human,0.599,0.2995
977,llm_t03,0.4526,0.2263
977,llm_t07,0.2915,0.14575
977,llm_t10,0.3671,0.18355
2420,human,0.5435,0.27175
2420,llm_t03,0.5353,0.26765
2420,llm_t07,0.6735,0.33675
2420,llm_t10,0.7308,0.3654
2562,human,0.9454,0.4727
2562,llm_t03,0.5442,0.2721
2562,llm_t07,0.571,0.2855
2562,llm_t10,0.5382,0.2691
118,human,0.5802,0.2901
118,llm_t03,0.5399,0.26995
118,llm_t07,0.6315,0.31575
118,llm_t10,0.5569,0.27845
84,human,0.6489,0.32445
84,llm_t03,0.5891,0.29455
84,llm_t07,0.5068,0.2534
84,llm_t10,0.7654,0.3827
110,human,0.6629,0.33145
110,llm_t03,0.5097,0.25485
110,llm_t07,0.6219,0.31095
110,llm_t10,0.6877,0.34385
87,human,0.6721,0.33605
87,llm_t03,0.6728,0.3364
87,llm_t07,0.4721,0.23605
87,llm_t10,0.5111,0.25555
2368,human,0.611,0.3055
2368,llm_t03,0.5818,0.2909
2368,llm_t07,0.6778,0.3389
2368,llm_t10,0.5914,0.2957
1694,human,0.5832,0.2916
1694,llm_t03,0.4403,0.22015
1694,llm_t07,0.5507,0.27535
1694,llm_t10,0.542,0.271
1152,human,0.8918,0.4459
1152,llm_t03,0.8054,0.4027
1152,llm_t07,0.652,0.326
1152,llm_t10,0.7024,0.3512
111,human,0.7996,0.3998
111,llm_t03,0.6178,0.3089
111,llm_t07,0.3769,0.18845
111,llm_t10,0.6898,0.3449
920,human,0.7703,0.38515
920,llm_t03,0.6891,0.34455
920,llm_t07,0.886,0.443
920,llm_t10,0.8596,0.4298
81,human,0.7972,0.3986
81,llm_t03,0.4606,0.2303
81,llm_t07,0.376,0.188
81,llm_t10,0.3986,0.1993
772,human,0.6293,0.31465
772,llm_t03,0.5786,0.2893
772,llm_t07,0.4534,0.2267
772,llm_t10,0.5824,0.2912
122,human,0.6721,0.33605
122,llm_t03,0.4707,0.23535
122,llm_t07,0.5076,0.2538
122,llm_t10,0.4124,0.2062
1615,human,0.8544,0.4272
1615,llm_t03,0.4983,0.24915
1615,llm_t07,0.6204,0.3102
1615,llm_t10,0.6288,0.3144
1447,human,0.5706,0.2853
1447,llm_t03,0.5941,0.29705
1447,llm_t07,0.735,0.3675
1447,llm_t10,0.4983,0.24915
1444,human,0.4655,0.23275
1444,llm_t03,0.4449,0.22245
1444,llm_t07,0.4133,0.20665
1444,llm_t10,0.3925,0.19625
123,human,0.7116,0.3558
123,llm_t03,0.6244,0.3122
123,llm_t07,0.6656,0.3328
123,llm_t10,0.6446,0.3223
501,human,0.8615,0.43075
501,llm_t03,0.6226,0.3113
501,llm_t07,0.44,0.22
501,llm_t10,0.612,0.306
918,human,0.52,0.26
918,llm_t03,0.4977,0.24885
918,llm_t07,0.4735,0.23675
918,llm_t10,0.6806,0.3403
699,human,0.6554,0.3277
699,llm_t03,0.5166,0.2583
699,llm_t07,0.4524,0.2262
699,llm_t10,0.5479,0.27395
2561,human,0.6932,0.3466
2561,llm_t03,0.8095,0.40475
2561,llm_t07,0.682,0.341
2561,llm_t10,0.6934,0.3467
216,human,0.6388,0.3194
216,llm_t03,0.4285,0.21425
216,llm_t07,0.6875,0.34375
216,llm_t10,0.7071,0.35355
1021,human,0.5781,0.28905
1021,llm_t03,0.5009,0.25045
1021,llm_t07,0.4526,0.2263
1021,llm_t10,0.3052,0.1526
1228,human,0.5832,0.2916
1228,llm_t03,0.4593,0.22965
1228,llm_t07,0.3565,0.17825
1228,llm_t10,0.4848,0.2424
414,human,0.7415,0.37075
414,llm_t03,0.556,0.278
414,llm_t07,0.3538,0.1769
414,llm_t10,0.3711,0.18555
1020,human,0.9166,0.4583
1020,llm_t03,0.6764,0.3382
1020,llm_t07,0.8397,0.41985
1020,llm_t10,0.6854,0.3427
121,human,0.6749,0.33745
121,llm_t03,0.8432,0.4216
121,llm_t07,0.778,0.389
121,llm_t10,0.8227,0.41135
114,human,0.5658,0.2829
114,llm_t03,0.6661,0.33305
114,llm_t07,0.5598,0.2799
114,llm_t10,0.624,0.312
496,human,0.5507,0.27535
496,llm_t03,0.6448,0.3224
496,llm_t07,0.6836,0.3418
496,llm_t10,0.5886,0.2943
970,human,0.8691,0.43455
970,llm_t03,0.4691,0.23455
970,llm_t07,0.6201,0.31005
970,llm_t10,0.5675,0.28375
83,human,0.5802,0.2901
83,llm_t03,0.6842,0.3421
83,llm_t07,0.7082,0.3541
83,llm_t10,0.6516,0.3258
1644,human,0.6399,0.31995
1644,llm_t03,0.7405,0.37025
1644,llm_t07,0.7588,0.3794
1644,llm_t10,0.6162,0.3081
1446,human,0.636,0.318
1446,llm_t03,0.5808,0.2904
1446,llm_t07,0.702,0.351
1446,llm_t10,0.64,0.32
500,human,0.8918,0.4459
500,llm_t03,0.5234,0.2617
500,llm_t07,0.5975,0.29875
500,llm_t10,0.5484,0.2742
119,human,0.6489,0.32445
119,llm_t03,0.555,0.2775
119,llm_t07,0.6385,0.31925
119,llm_t10,0.4637,0.23185
2578,human,0.6702,0.3351
2578,llm_t03,0.5607,0.28035
2578,llm_t07,0.574,0.287
2578,llm_t10,0.5088,0.2544
1614,human,0.7225,0.36125
1614,llm_t03,0.8728,0.4364
1614,llm_t07,0.8347,0.41735
1614,llm_t10,0.7656,0.3828
76,human,0.7996,0.3998
76,llm_t03,0.6574,0.3287
76,llm_t07,0.7124,0.3562
76,llm_t10,0.6324,0.3162
124,human,0.9163,0.45815
124,llm_t03,0.7892,0.3946
124,llm_t07,0.7453,0.37265
124,llm_t10,0.8101,0.40505
490,human,0.7384,0.3692
490,llm_t03,0.6576,0.3288
490,llm_t07,0.5489,0.27445
490,llm_t10,0.5489,0.27445
2563,human,0.6383,0.31915
2563,llm_t03,0.4238,0.2119
2563,llm_t07,0.4686,0.2343
2563,llm_t10,0.4064,0.2032
1161,human,0.5706,0.2853
1161,llm_t03,0.7147,0.35735
1161,llm_t07,0.6473,0.32365
1161,llm_t10,0.701,0.3505
88,human,0.7116,0.3558
88,llm_t03,0.6083,0.30415
88,llm_t07,0.7779,0.38895
88,llm_t10,0.622,0.311
82,human,0.7841,0.39205
82,llm_t03,0.647,0.3235
82,llm_t07,0.6027,0.30135
82,llm_t10,0.6753,0.33765
1611,human,0.9454,0.4727
1611,llm_t03,0.603,0.3015
1611,llm_t07,0.4399,0.21995
1611,llm_t10,0.5096,0.2548
1030,human,0.7668,0.3834
1030,llm_t03,0.4893,0.24465
1030,llm_t07,0.6808,0.3404
1030,llm_t10,0.4697,0.23485
971,human,0.8658,0.4329
971,llm_t03,0.5922,0.2961
971,llm_t07,0.7604,0.3802
971,llm_t10,0.5375,0.26875
2013,human,0.7835,0.39175
2013,llm_t03,0.7977,0.39885
2013,llm_t07,0.3652,0.1826
2013,llm_t10,0.3821,0.19105
863,human,0.818,0.409
863,llm_t03,0.8095,0.40475
863,llm_t07,0.8687,0.43435
863,llm_t10,0.8233,0.41165
1178,human,0.8282,0.4141
1178,llm_t03,0.626,0.313
1178,llm_t07,0.5534,0.2767
1178,llm_t10,0.7843,0.39215
1160,human,0.636,0.318
1160,llm_t03,0.6432,0.3216
1160,llm_t07,0.6608,0.3304
1160,llm_t10,0.6286,0.3143
116,human,0.7972,0.3986
116,llm_t03,0.5231,0.26155
116,llm_t07,0.3731,0.18655
116,llm_t10,0.4925,0.24625
0,human,0.9334,0.4667
0,llm_t03,0.6158,0.3079
0,llm_t07,0.6183,0.30915
0,llm_t10,0.4798,0.2399
973,human,0.8749,0.43745
973,llm_t03,0.5287,0.26435
973,llm_t07,0.5982,0.2991
973,llm_t10,0.5849,0.29245
1028,human,0.7543,0.37715
1028,llm_t03,0.4929,0.24645
1028,llm_t07,0.6557,0.32785
1028,llm_t10,0.5578,0.2789
120,human,0.7419,0.37095
120,llm_t03,0.6009,0.30045
120,llm_t07,0.6585,0.32925
120,llm_t10,0.6552,0.3276
395,human,0.8371,0.41855
395,llm_t03,0.7153,0.35765
395,llm_t07,0.7457,0.37285
395,llm_t10,0.6597,0.32985
489,human,0.7111,0.35555
489,llm_t03,0.6172,0.3086
489,llm_t07,0.7691,0.38455
489,llm_t10,0.7793,0.38965
721,human,0.8012,0.4006
721,llm_t03,0.4369,0.21845
721,llm_t07,0.5929,0.29645
721,llm_t10,0.5392,0.2696
1029,human,0.6372,0.3186
1029,llm_t03,0.5854,0.2927
1029,llm_t07,0.4304,0.2152
1029,llm_t10,0.637,0.3185
117,human,0.7841,0.39205
117,llm_t03,0.446,0.223
117,llm_t07,0.7187,0.35935
117,llm_t10,0.6672,0.3336
115,human,0.3895,0.19475
115,llm_t03,0.5711,0.28555
115,llm_t07,0.6301,0.31505
115,llm_t10,0.6618,0.3309
1033,human,0.8287,0.41435
1033,llm_t03,0.4847,0.24235
1033,llm_t07,0.4317,0.21585
1033,llm_t10,0.4578,0.2289
381,human,0.6388,0.3194
381,llm_t03,0.7131,0.35655
381,llm_t07,0.7439,0.37195
381,llm_t10,0.5475,0.27375
2566,human,0.8544,0.4272
2566,llm_t03,0.8162,0.4081
2566,llm_t07,0.5849,0.29245
2566,llm_t10,0.4724,0.2362
2574,human,0.5572,0.2786
2574,llm_t03,0.4733,0.23665
2574,llm_t07,0.5731,0.28655
2574,llm_t10,0.5501,0.27505
492,human,0.7735,0.38675
492,llm_t03,0.8545,0.42725
492,llm_t07,0.7497,0.37485
492,llm_t10,0.5288,0.2644
1124,human,0.8539,0.42695
1124,llm_t03,0.7387,0.36935
1124,llm_t07,0.6449,0.32245
1124,llm_t10,0.4431,0.22155
1580,human,0.52,0.26
1580,llm_t03,0.5956,0.2978
1580,llm_t07,0.7893,0.39465
1580,llm_t10,0.6553,0.32765
968,human,0.7227,0.36135
968,llm_t03,0.5447,0.27235
968,llm_t07,0.4868,0.2434
968,llm_t10,0.6608,0.3304
199,human,0.4655,0.23275
199,llm_t03,0.4832,0.2416
199,llm_t07,0.4856,0.2428
199,llm_t10,0.43,0.215
2580,human,0.6264,0.3132
2580,llm_t03,0.5931,0.29655
2580,llm_t07,0.7923,0.39615
2580,llm_t10,0.6308,0.3154
1149,human,0.7533,0.37665
1149,llm_t03,0.7583,0.37915
1149,llm_t07,0.6364,0.3182
1149,llm_t10,0.7914,0.3957
710,human,0.6554,0.3277
710,llm_t03,0.5425,0.27125
710,llm_t07,0.4893,0.24465
710,llm_t10,0.6298,0.3149
976,human,0.7668,0.3834
976,llm_t03,0.544,0.272
976,llm_t07,0.6343,0.31715
976,llm_t10,0.4557,0.22785
979,human,0.8287,0.41435
979,llm_t03,0.426,0.213
979,llm_t07,0.3764,0.1882
979,llm_t10,0.5037,0.25185
498,human,0.8157,0.40785
498,llm_t03,0.7907,0.39535
498,llm_t07,0.5766,0.2883
498,llm_t10,0.7626,0.3813
77,human,0.7246,0.3623
77,llm_t03,0.6419,0.32095
77,llm_t07,0.5316,0.2658
77,llm_t10,0.5739,0.28695
1032,human,1.0609,0.53045
1032,llm_t03,0.4524,0.2262
1032,llm_t07,0.4967,0.24835
1032,llm_t10,0.3044,0.1522
1148,human,0.7743,0.38715
1148,llm_t03,0.7826,0.3913
1148,llm_t07,0.8189,0.40945
1148,llm_t10,0.8134,0.4067
494,human,0.7134,0.3567
494,llm_t03,0.495,0.2475
494,llm_t07,0.5341,0.26705
494,llm_t10,0.5979,0.29895
215,human,0.9002,0.4501
215,llm_t03,0.6211,0.31055
215,llm_t07,0.6385,0.31925
215,llm_t10,0.5559,0.27795
975,human,0.6372,0.3186
975,llm_t03,0.4989,0.24945
975,llm_t07,0.5226,0.2613
975,llm_t10,0.4687,0.23435
972,human,0.5834,0.2917
972,llm_t03,0.6114,0.3057
972,llm_t07,0.5412,0.2706
972,llm_t10,0.5549,0.27745
214,human,0.6365,0.31825
214,llm_t03,0.5645,0.28225
214,llm_t07,0.4585,0.22925
214,llm_t10,0.6927,0.34635
1581,human,0.7752,0.3876
1581,llm_t03,0.4549,0.22745
1581,llm_t07,0.5815,0.29075
1581,llm_t10,0.4372,0.2186
79,human,0.5658,0.2829
79,llm_t03,0.4301,0.21505
79,llm_t07,0.6097,0.30485
79,llm_t10,0.5172,0.2586
488,human,0.8797,0.43985
488,llm_t03,0.8675,0.43375
488,llm_t07,0.7202,0.3601
488,llm_t10,0.6315,0.31575
933,human,0.8282,0.4141
933,llm_t03,0.5866,0.2933
933,llm_t07,0.4763,0.23815
933,llm_t10,0.6058,0.3029
2575,human,0.8814,0.4407
2575,llm_t03,0.5353,0.26765
2575,llm_t07,0.4073,0.20365
2575,llm_t10,0.4757,0.23785
1613,human,0.8021,0.40105
1613,llm_t03,0.6962,0.3481
1613,llm_t07,0.7464,0.3732
1613,llm_t10,0.8191,0.40955
978,human,1.0609,0.53045
978,llm_t03,0.3715,0.18575
978,llm_t07,0.4359,0.21795
978,llm_t10,0.2891,0.14455
2467,human,0.6293,0.31465
2467,llm_t03,0.5381,0.26905
2467,llm_t07,0.4728,0.2364
2467,llm_t10,0.6209,0.31045
2530,human,0.7835,0.39175
2530,llm_t03,0.4375,0.21875
2530,llm_t07,0.4201,0.21005
2530,llm_t10,0.331,0.1655
1024,human,0.8691,0.43455
1024,llm_t03,0.4054,0.2027
1024,llm_t07,0.5695,0.28475
1024,llm_t10,0.5435,0.27175
80,human,0.3895,0.19475
80,llm_t03,0.5533,0.27665
80,llm_t07,0.5013,0.25065
80,llm_t10,0.5392,0.2696
85,human,0.7419,0.37095
85,llm_t03,0.6784,0.3392
85,llm_t07,0.7371,0.36855
85,llm_t10,0.7569,0.37845
1612,human,0.6383,0.31915
1612,llm_t03,0.4421,0.22105
1612,llm_t07,0.3945,0.19725
1612,llm_t10,0.4456,0.2228
2350,human,0.611,0.3055
2350,llm_t03,0.694,0.347
2350,llm_t07,0.3286,0.1643
2350,llm_t10,0.5237,0.26185
75,human,0.6629,0.33145
75,llm_t03,0.5893,0.29465
75,llm_t07,0.6009,0.30045
75,llm_t10,0.6258,0.3129
89,human,0.9163,0.45815
89,llm_t03,0.8006,0.4003
89,llm_t07,0.6294,0.3147
89,llm_t10,0.7707,0.38535
380,human,0.9002,0.4501
380,llm_t03,0.6647,0.33235
380,llm_t07,0.6341,0.31705
380,llm_t10,0.504,0.252
967,human,0.5781,0.28905
967,llm_t03,0.3014,0.1507
967,llm_t07,0.3082,0.1541
967,llm_t10,0.1825,0.09125
2211,human,0.818,0.409
2211,llm_t03,0.8886,0.4443
2211,llm_t07,0.7843,0.39215
2211,llm_t10,0.7372,0.3686
78,human,0.5359,0.26795
78,llm_t03,0.7123,0.35615
78,llm_t07,0.7355,0.36775
78,llm_t10,0.6183,0.30915
2564,human,0.8021,0.40105
2564,llm_t03,0.6262,0.3131
2564,llm_t07,0.7673,0.38365
2564,llm_t10,0.7138,0.3569
1123,human,0.7533,0.37665
1123,llm_t03,0.7117,0.35585
1123,llm_t07,0.5208,0.2604
1123,llm_t10,0.718,0.359
42,human,0.7415,0.37075
42,llm_t03,0.4393,0.21965
42,llm_t07,0.5704,0.2852
42,llm_t10,0.4771,0.23855
720,human,0.747,0.3735
720,llm_t03,0.5784,0.2892
720,llm_t07,0.6813,0.34065
720,llm_t10,0.5697,0.28485
499,human,0.931,0.4655
499,llm_t03,0.7246,0.3623
499,llm_t07,0.8118,0.4059
499,llm_t10,0.5388,0.2694
1151,human,0.9175,0.45875
1151,llm_t03,0.586,0.293
1151,llm_t07,0.6113,0.30565
1151,llm_t10,0.4479,0.22395
495,human,1.0577,0.52885
495,llm_t03,0.4894,0.2447
495,llm_t07,0.5214,0.2607
495,llm_t10,0.476,0.238
1582,human,0.7703,0.38515
1582,llm_t03,0.9412,0.4706
1582,llm_t07,0.6953,0.34765
1582,llm_t10,0.7765,0.38825
491,human,0.5798,0.2899
491,llm_t03,0.428,0.214
491,llm_t07,0.4996,0.2498
491,llm_t10,0.3935,0.19675
1596,human,0.5435,0.27175
1596,llm_t03,0.6941,0.34705
1596,llm_t07,0.5932,0.2966
1596,llm_t10,0.5478,0.2739
709,human,0.5678,0.2839
709,llm_t03,0.6831,0.34155
709,llm_t07,0.7138,0.3569
709,llm_t10,0.6658,0.3329
2579,human,0.8816,0.4408
2579,llm_t03,0.5442,0.2721
2579,llm_t07,0.6253,0.31265
2579,llm_t10,0.6196,0.3098
974,human,0.7543,0.37715
974,llm_t03,0.4012,0.2006
974,llm_t07,0.5241,0.26205
974,llm_t10,0.579,0.2895
698,human,0.5678,0.2839
698,llm_t03,0.6496,0.3248
698,llm_t07,0.8123,0.40615
698,llm_t10,0.97,0.485
1026,human,0.5834,0.2917
1026,llm_t03,0.6088,0.3044
1026,llm_t07,0.5596,0.2798
1026,llm_t10,0.5476,0.2738
413,human,0.8416,0.4208
413,llm_t03,0.3559,0.17795
413,llm_t07,0.5328,0.2664
413,llm_t10,0.8074,0.4037
692,human,0.8012,0.4006
692,llm_t03,0.4693,0.23465
692,llm_t07,0.452,0.226
692,llm_t10,0.6744,0.3372
1025,human,0.8658,0.4329
1025,llm_t03,0.4995,0.24975
1025,llm_t07,0.5082,0.2541
1025,llm_t10,0.3881,0.19405
493,human,0.7592,0.3796
493,llm_t03,0.7925,0.39625
493,llm_t07,0.6886,0.3443
493,llm_t10,0.507,0.2535
1023,human,0.6277,0.31385
1023,llm_t03,0.4373,0.21865
1023,llm_t07,0.3821,0.19105
1023,llm_t10,0.5865,0.29325
113,human,0.5359,0.26795
113,llm_t03,0.6958,0.3479
113,llm_t07,0.7146,0.3573
113,llm_t10,0.6477,0.32385
691,human,0.747,0.3735
691,llm_t03,0.5539,0.27695
691,llm_t07,0.6426,0.3213
691,llm_t10,0.6673,0.33365
2576,human,0.826,0.413
2576,llm_t03,0.5794,0.2897
2576,llm_t07,0.4282,0.2141
2576,llm_t10,0.5422,0.2711
1715,human,0.6399,0.31995
1715,llm_t03,0.6869,0.34345
1715,llm_t07,0.7289,0.36445
1715,llm_t10,0.61,0.305
379,human,0.6365,0.31825
379,llm_t03,0.6919,0.34595
379,llm_t07,0.5333,0.26665
379,llm_t10,0.4962,0.2481
2565,human,0.7225,0.36125
2565,llm_t03,0.829,0.4145
2565,llm_t07,0.8831,0.44155
2565,llm_t10,0.8412,0.4206
41,human,0.8416,0.4208
41,llm_t03,0.5825,0.29125
41,llm_t07,0.4905,0.24525
41,llm_t10,0.5345,0.26725
497,human,1.0036,0.5018
497,llm_t03,0.8088,0.4044
497,llm_t07,0.6114,0.3057
497,llm_t10,0.5544,0.2772
1992,human,0.8371,0.41855
1992,llm_t03,0.6999,0.34995
1992,llm_t07,0.553,0.2765
1992,llm_t10,0.6978,0.3489
1126,human,0.8918,0.4459
1126,llm_t03,0.7796,0.3898
1126,llm_t07,0.7074,0.3537
1126,llm_t10,0.6166,0.3083
1122,human,0.7743,0.38715
1122,llm_t03,0.7733,0.38665
1122,llm_t07,0.7076,0.3538
1122,llm_t10,0.6933,0.34665
1500,human,0.9334,0.4667
1500,llm_t03,0.7546,0.3773
1500,llm_t07,0.6062,0.3031
1500,llm_t10,0.6469,0.32345
1022,human,0.7227,0.36135
1022,llm_t03,0.5851,0.29255
1022,llm_t07,0.5478,0.2739
1022,llm_t10,0.5818,0.2909
969,human,0.6277,0.31385
969,llm_t03,0.3498,0.1749
969,llm_t07,0.5009,0.25045
969,llm_t10,0.393,0.1965
1610,human,0.6932,0.3466
1610,llm_t03,0.6248,0.3124
1610,llm_t07,0.5365,0.26825
1610,llm_t10,0.6177,0.30885
2581,human,0.7682,0.3841
2581,llm_t03,0.5662,0.2831
2581,llm_t07,0.6924,0.3462
2581,llm_t10,0.3696,0.1848
112,human,0.7246,0.3623
112,llm_t03,0.6542,0.3271
112,llm_t07,0.6088,0.3044
112,llm_t10,0.6031,0.30155
966,human,0.9166,0.4583
966,llm_t03,0.6566,0.3283
966,llm_t07,0.7163,0.35815
966,llm_t10,0.5764,0.2882
1150,human,0.8539,0.42695
1150,llm_t03,0.5882,0.2941
1150,llm_t07,0.6198,0.3099
1150,llm_t10,0.5026,0.2513
2446,human,0.5952,0.2976
2446,llm_t03,0.5427,0.27135
2446,llm_t07,0.5883,0.29415
2446,llm_t10,0.5841,0.29205
2190,human,0.7594,0.3797
2190,llm_t03,0.4824,0.2412
2190,llm_t07,0.4546,0.2273
2190,llm_t10,0.3429,0.17145
231,human,0.7567,0.37835
231,llm_t03,0.726,0.363
231,llm_t07,0.7617,0.38085
231,llm_t10,0.6565,0.32825
1510,human,0.8365,0.41825
1510,llm_t03,0.7302,0.3651
1510,llm_t07,0.6451,0.32255
1510,llm_t10,0.7127,0.35635
830,human,0.7801,0.39005
830,llm_t03,0.5128,0.2564
830,llm_t07,0.5236,0.2618
830,llm_t10,0.7712,0.3856
204,human,0.7982,0.3991
204,llm_t03,0.4397,0.21985
204,llm_t07,0.4371,0.21855
204,llm_t10,0.5486,0.2743
1790,human,1.0125,0.50625
1790,llm_t03,0.8243,0.41215
1790,llm_t07,0.638,0.319
1790,llm_t10,0.6394,0.3197
2518,human,0.5545,0.27725
2518,llm_t03,0.4466,0.2233
2518,llm_t07,0.4186,0.2093
2518,llm_t10,0.5224,0.2612
1089,human,0.9337,0.46685
1089,llm_t03,0.5107,0.25535
1089,llm_t07,0.7402,0.3701
1089,llm_t10,0.8144,0.4072
1247,human,0.717,0.3585
1247,llm_t03,0.6522,0.3261
1247,llm_t07,0.6003,0.30015
1247,llm_t10,0.5428,0.2714
2068,human,0.727,0.3635
2068,llm_t03,0.8387,0.41935
2068,llm_t07,0.7373,0.36865
2068,llm_t10,0.7757,0.38785
1597,human,0.6245,0.31225
1597,llm_t03,0.6266,0.3133
1597,llm_t07,0.7326,0.3663
1597,llm_t10,0.6873,0.34365
1568,human,0.6381,0.31905
1568,llm_t03,0.372,0.186
1568,llm_t07,0.4907,0.24535
1568,llm_t10,0.5289,0.26445
1653,human,0.7345,0.36725
1653,llm_t03,0.6592,0.3296
1653,llm_t07,0.7112,0.3556
1653,llm_t10,0.6457,0.32285
2366,human,0.7628,0.3814
2366,llm_t03,0.6264,0.3132
2366,llm_t07,0.4968,0.2484
2366,llm_t10,0.7334,0.3667
288,human,0.606,0.303
288,llm_t03,0.6023,0.30115
288,llm_t07,0.6226,0.3113
288,llm_t10,0.4458,0.2229
1100,human,0.4948,0.2474
1100,llm_t03,0.711,0.3555
1100,llm_t07,0.81,0.405
1100,llm_t10,0.6632,0.3316
1307,human,0.7528,0.3764
1307,llm_t03,0.7743,0.38715
1307,llm_t07,0.6951,0.34755
1307,llm_t10,0.7652,0.3826
1051,human,0.8609,0.43045
1051,llm_t03,0.8234,0.4117
1051,llm_t07,0.7845,0.39225
1051,llm_t10,0.8211,0.41055
358,human,0.4629,0.23145
358,llm_t03,0.4493,0.22465
358,llm_t07,0.3602,0.1801
358,llm_t10,0.5024,0.2512
1187,human,0.933,0.4665
1187,llm_t03,0.5287,0.26435
1187,llm_t07,0.5902,0.2951
1187,llm_t10,0.5848,0.2924
2658,human,0.7881,0.39405
2658,llm_t03,0.4344,0.2172
2658,llm_t07,0.4649,0.23245
2658,llm_t10,0.591,0.2955
167,human,0.5466,0.2733
167,llm_t03,0.4291,0.21455
167,llm_t07,0.4034,0.2017
167,llm_t10,0.5029,0.25145
2647,human,0.8292,0.4146
2647,llm_t03,0.6704,0.3352
2647,llm_t07,0.5366,0.2683
2647,llm_t10,0.534,0.267
2183,human,0.5635,0.28175
2183,llm_t03,0.6302,0.3151
2183,llm_t07,0.5512,0.2756
2183,llm_t10,0.7036,0.3518
1039,human,0.8935,0.44675
1039,llm_t03,0.5524,0.2762
1039,llm_t07,0.4192,0.2096
1039,llm_t10,0.505,0.2525
1561,human,0.4673,0.23365
1561,llm_t03,0.2762,0.1381
1561,llm_t07,0.2737,0.13685
1561,llm_t10,0.3575,0.17875
717,human,0.7621,0.38105
717,llm_t03,0.5053,0.25265
717,llm_t07,0.5072,0.2536
717,llm_t10,0.5451,0.27255
1402,human,0.6842,0.3421
1402,llm_t03,0.5531,0.27655
1402,llm_t07,0.5512,0.2756
1402,llm_t10,0.5146,0.2573
2684,human,0.5308,0.2654
2684,llm_t03,0.4147,0.20735
2684,llm_t07,0.3908,0.1954
2684,llm_t10,0.4269,0.21345
1211,human,0.9194,0.4597
1211,llm_t03,0.5583,0.27915
1211,llm_t07,0.5278,0.2639
1211,llm_t10,0.5767,0.28835
1354,human,0.8462,0.4231
1354,llm_t03,0.7519,0.37595
1354,llm_t07,0.6473,0.32365
1354,llm_t10,0.598,0.299
2143,human,0.8496,0.4248
2143,llm_t03,0.6541,0.32705
2143,llm_t07,0.6691,0.33455
2143,llm_t10,0.7435,0.37175
59,human,0.9226,0.4613
59,llm_t03,0.7062,0.3531
59,llm_t07,0.6197,0.30985
59,llm_t10,0.8417,0.42085
542,human,0.8454,0.4227
542,llm_t03,0.3768,0.1884
542,llm_t07,0.5725,0.28625
542,llm_t10,0.5817,0.29085
361,human,0.7331,0.36655
361,llm_t03,0.6286,0.3143
361,llm_t07,0.7142,0.3571
361,llm_t10,0.7579,0.37895
2100,human,0.5466,0.2733
2100,llm_t03,0.4552,0.2276
2100,llm_t07,0.477,0.2385
2100,llm_t10,0.4699,0.23495
2545,human,0.6738,0.3369
2545,llm_t03,0.4525,0.22625
2545,llm_t07,0.5538,0.2769
2545,llm_t10,0.7653,0.38265
47,human,0.7662,0.3831
47,llm_t03,0.5614,0.2807
47,llm_t07,0.6609,0.33045
47,llm_t10,0.3925,0.19625
1859,human,0.5062,0.2531
1859,llm_t03,0.437,0.2185
1859,llm_t07,0.555,0.2775
1859,llm_t10,0.6853,0.34265
1652,human,0.8377,0.41885
1652,llm_t03,0.5832,0.2916
1652,llm_t07,0.5789,0.28945
1652,llm_t10,0.5211,0.26055
2657,human,0.7328,0.3664
2657,llm_t03,0.3969,0.19845
2657,llm_t07,0.6416,0.3208
2657,llm_t10,0.4311,0.21555
1923,human,0.8876,0.4438
1923,llm_t03,0.6785,0.33925
1923,llm_t07,0.4273,0.21365
1923,llm_t10,0.5048,0.2524
2486,human,0.6497,0.32485
2486,llm_t03,0.7902,0.3951
2486,llm_t07,0.7064,0.3532
2486,llm_t10,0.4561,0.22805
2219,human,0.7836,0.3918
2219,llm_t03,0.6158,0.3079
2219,llm_t07,0.7072,0.3536
2219,llm_t10,0.6311,0.31555
2382,human,0.7791,0.38955
2382,llm_t03,0.5833,0.29165
2382,llm_t07,0.548,0.274
2382,llm_t10,0.6339,0.31695
1566,human,0.6076,0.3038
1566,llm_t03,0.4658,0.2329
1566,llm_t07,0.5354,0.2677
1566,llm_t10,0.6162,0.3081
514,human,0.8818,0.4409
514,llm_t03,0.6762,0.3381
514,llm_t07,0.5887,0.29435
514,llm_t10,0.6327,0.31635
453,human,0.6333,0.31665
453,llm_t03,0.6512,0.3256
453,llm_t07,0.443,0.2215
453,llm_t10,0.4908,0.2454
2168,human,0.5321,0.26605
2168,llm_t03,0.4237,0.21185
2168,llm_t07,0.4386,0.2193
2168,llm_t10,0.4451,0.22255
