contrast,n_pairs,n_nonzero,mean_a,mean_b,median_a,median_b,mean_diff_a_minus_b,n_a_higher,n_b_higher,n_tie,effect_r,ci_95_lo,ci_95_hi,p_raw,p_bonferroni_secondary,family_m
human_vs_nophase_T0.7,199,81,0.005,0.0115,0.0,0.0,-0.0065,15,66,118,0.2943,0.1596,0.4182,3.309429655976669e-05,6.618859311953338e-05,2
phased_vs_nophase_T0.7,199,128,0.0149,0.0115,0.0,0.0,0.0035,71,57,71,0.1234,0.0091,0.2612,0.0816878631314681,0.1633757262629362,2
phased_vs_nophase_T0.3_tempfamily,199,144,0.0184,0.0155,0.0222,0.0185,0.0029,79,65,55,0.1443,0.016,0.2756,0.041725653003806755,0.12517695901142026,3
human_vs_nophase_T0.3_unadjusted,199,113,0.005,0.0155,0.0,0.0185,-0.0105,19,94,86,0.4111,0.2884,0.5264,6.651359040832112e-09,6.651359040832112e-09,1
phased_vs_nophase_T0.7_tempfamily,199,128,0.0149,0.0115,0.0,0.0,0.0035,71,57,71,0.1234,0.0091,0.2612,0.0816878631314681,0.2450635893944043,3
human_vs_nophase_T0.7_unadjusted,199,81,0.005,0.0115,0.0,0.0,-0.0065,15,66,118,0.2943,0.1596,0.4182,3.309429655976669e-05,3.309429655976669e-05,1
phased_vs_nophase_T1.0_tempfamily,199,122,0.0153,0.0102,0.0,0.0,0.0051,78,44,77,0.1486,0.0192,0.2847,0.036032152040331396,0.1080964561209942,3
human_vs_nophase_T1.0_unadjusted,199,78,0.005,0.0102,0.0,0.0,-0.0052,21,57,121,0.2172,0.0797,0.3529,0.002185732389629993,0.002185732389629993,1
human_vs_phased_T0.7_rescore,199,103,0.005,0.0149,0.0,0.0,-0.01,15,88,96,0.3823,0.2534,0.5009,6.935945841720072e-08,6.935945841720072e-08,1
