dimension,label,check,n,human_median,llm_median,effect_r,p_raw,significant
novel_score,Contextual Semantic Distance,Length-matched (paired Wilcoxon),73,0.6497,0.5883,0.5144,1e-05,True
specificity_score,Lexical Elaboration Proxy,Length-matched (paired Wilcoxon),73,0.3648,0.4205,0.8069,0.0,True
empathy_score,Empathy Lexical Density,Length-matched (paired Wilcoxon),73,0.0,0.0,0.2311,0.04834,False
divergence_score,Topic Divergence,Length-matched (paired Wilcoxon),73,0.5166,0.7407,0.712,0.0,True
phase_score,Phase-Vocab Alignment,Length-matched (paired Wilcoxon),73,0.0,0.0213,0.487,3e-05,True
novel_score,Contextual Semantic Distance,Partial Spearman (controlling word count),199,,,-0.1369,0.05391,False
specificity_score,Lexical Elaboration Proxy,Partial Spearman (controlling word count),199,,,-0.5956,0.0,True
empathy_score,Empathy Lexical Density,Partial Spearman (controlling word count),199,,,0.0684,0.33689,False
divergence_score,Topic Divergence,Partial Spearman (controlling word count),199,,,-0.0266,0.709,False
phase_score,Phase-Vocab Alignment,Partial Spearman (controlling word count),199,,,-0.0593,0.40538,False
novel_score,Contextual Semantic Distance,MixedLM (random context intercept),398,,,-0.1426,0.0,True
specificity_score,Lexical Elaboration Proxy,MixedLM (random context intercept),398,,,0.0172,0.0,True
empathy_score,Empathy Lexical Density,MixedLM (random context intercept),398,,,-0.0108,0.00076,True
divergence_score,Topic Divergence,MixedLM (random context intercept),398,,,0.1993,0.0,True
phase_score,Phase-Vocab Alignment,MixedLM (random context intercept),398,,,0.01,0.0,True
